Test,No2,2,00002,2,2,2,D,2,100,ST-002

test,no1,1,00001,ONE,1,11,C,1,100,ST-001

TEST,No3,3,00003,THREE,3,3,E,3,100,ST-003

Test,No2,2,00002,2,2,2,D,2,100,ST-002

test,no1,1,00001,ONE,1,11,C,1,100,ST-001

4,4,4,4,,,44,F,4,100,ST-004
Test,No2,2,00002,2,2,2,D,2,100,ST-002

test,no1,1,00001,ONE,1,11,C,1,100,ST-001

TEST,No3,3,00003,THREE,3,3,E,3,100,ST-003

Test,No2,2,00002,2,2,2,D,2,100,ST-002

test,no1,1,00001,ONE,1,11,C,1,100,ST-001

Test,No2,2,00002,2,2,2,D,2,100,ST-002

test,no1,1,00001,ONE,1,11,C,1,100,ST-001

TEST,No3,3,00003,THREE,3,3,E,3,100,ST-003

Test,No2,2,00002,2,2,2,D,2,100,ST-002

test,no1,1,00001,ONE,1,11,C,1,100,ST-001

